<?xml version="1.0" encoding="UTF-8"?>
<!DOCTYPE mapper PUBLIC "-//mybatis.org//DTD Mapper 3.0//EN" 
"http://mybatis.org/dtd/mybatis-3-mapper.dtd">

<mapper namespace="com.kangva.xds.patient.mapper.PatientMapper">
	
  <select id="getAll" resultType="Patient">
    SELECT *
    FROM t_patient p 
      order by p.id desc
  </select>
  
  <select id="search" parameterType="map" resultType="Patient">
    SELECT *
    FROM t_patient p 
    <trim prefix="WHERE" prefixOverrides="AND|OR">    
          <if test="patientGlobalId != null">
				and p.patientGlobalId like CONCAT('%',#{patientGlobalId},'%' )
		  </if>
          <if test="patientLocalId != null">
				and p.patientLocalId like CONCAT('%',#{patientLocalId},'%' )
		  </if>
          <if test="patientGivenName != null">
				and p.givenname like CONCAT('%',#{patientGivenName},'%' )
		  </if>
          <if test="patientFamilyName != null">
				and p.familyName like CONCAT('%',#{patientFamilyName},'%' )
		  </if>
      </trim>
      order by p.id desc
  </select>
  
   <delete id="delete" parameterType="long">
        delete from t_patient where id=#{id}
   </delete>
   
   <select id="get" parameterType="long" resultType="Patient">
        SELECT *
        FROM t_patient p  
        WHERE id=#{id}
   </select>
   
   <select id="findByLocalId" parameterType="String" resultType="Patient">
        SELECT *
        FROM t_patient p  
        WHERE localId=#{localId}
   </select>
   
   <update id="edit" parameterType="Patient">   
     UPDATE t_patient 
     SET familyName = #{familyName},givenName = #{givenName},
         secondGivenName = #{secondGivenName},motherFamilyName = #{motherFamilyName},
         motherGivenName=#{motherGivenName},  motherNameTypeCode=#{motherNameTypeCode},
         birthday=#{birthday},sex=#{sex},ssn=#{ssn},address=#{address},city=#{city},
         province=#{province},zipCode=#{zipCode},phone=#{phone},
         birthOrder=#{birthOrder},multipleBirthInd=#{multipleBirthInd},lastUpdateDate=#{lastUpdateDate},
         lastUpdateFacility=#{lastUpdateFacility}
     WHERE id =#{id}
  </update>
  
   <insert id="insert" parameterType="Patient" useGeneratedKeys="true" keyProperty="id">   
     INSERT INTO t_patient(localId,   familyName,   givenName,   secondGivenName,    motherFamilyName,    motherGivenName,    motherNameTypeCode,    birthday,    sex,    ssn,    address,    city,    province,    zipCode,    phone,    birthOrder,    multipleBirthInd,    lastUpdateDate,    lastUpdateFacility) 
                  VALUES(#{localId},#{familyName},#{givenName},#{secondGivenName}, #{motherFamilyName}, #{motherGivenName}, #{motherNameTypeCode}, #{birthday}, #{sex}, #{ssn}, #{address}, #{city}, #{province}, #{zipCode}, #{phone}, #{birthOrder}, #{multipleBirthInd}, #{lastUpdateDate}, #{lastUpdateFacility})
  </insert>
</mapper>