<?xml version="1.0" encoding="UTF-8"?>
<!DOCTYPE mapper PUBLIC "-//mybatis.org//DTD Mapper 3.0//EN" 
"http://mybatis.org/dtd/mybatis-3-mapper.dtd">

<mapper namespace="com.kangva.xds.registry.mapper.DocumentEntryIndexMapper">
	
	<select id="searchDocuments" parameterType="map" resultType="DocumentEntryIndex">
    SELECT d.ID               as id,
           d.uniqueid         as uniqueId,
           d.hash             as hash,
           d.mimetype         as mimeType,
           d.status           as status,
           p.patientid        as patientGlobalId,
           to_char(dt_insert,'YYYY-MM-DD HH24:MI:SS') as insertedDateTime
    FROM t_document_entry_index d, t_person_identifier p 
    WHERE d.sak_patient = p.id 
          <if test="patientGlobalId != null">
				and p.patientid like CONCAT('%',#{patientGlobalId},'%' )
		  </if>
          <if test="patientLocalId != null">
				and p.patientGlobalId like CONCAT('%',#{patientLocalId},'%' )
		  </if>
          <if test="patientName != null">
				and p.patientGlobalId like CONCAT('%',#{patientName},'%' )
		  </if>
          order by d.dt_insert desc
  </select>
</mapper>