<?xml version="1.0" encoding="UTF-8"?>
<!DOCTYPE mapper PUBLIC "-//mybatis.org//DTD Mapper 3.0//EN" 
"http://mybatis.org/dtd/mybatis-3-mapper.dtd">

<mapper namespace="com.kangva.xds.registry.mapper.HL7ListenerMapper">

<select id="getAll" resultType="HL7Listener">
    SELECT id      as id,
           active  as active,
           description     as description,
           displayname    as displayName,
           hostname as hostname,
           port as port,
           secure as secure,
           keyStoreFileName as keyStoreFileName,
           trustKeyStoreFileName as trustKeyStoreFileName,
           keyStoreType as keyStoreType,
           trustKeyStoreType as trustKeyStoreType,
           keyManagerFactoryAlgorithm as keyManagerFactoryAlgorithm,
           trustManagerFactoryAlgorithm as trustManagerFactoryAlgorithm,
           sslContextProtocol as sslContextProtocol,
           keyStorePassword as keyStorePassword,
           trustKeyStorePassword as trustKeyStorePassword
    FROM t_hl7_listener
  </select>

<select id="get" parameterType="int" resultType="HL7Listener">
    SELECT id      as id,
           active  as active,
           description     as description,
           displayname    as displayName,
           hostname as hostname,
           port as port,
           secure as secure,
           keyStoreFileName as keyStoreFileName,
           trustKeyStoreFileName as trustKeyStoreFileName,
           keyStoreType as keyStoreType,
           trustKeyStoreType as trustKeyStoreType,
           keyManagerFactoryAlgorithm as keyManagerFactoryAlgorithm,
           trustManagerFactoryAlgorithm as trustManagerFactoryAlgorithm,
           sslContextProtocol as sslContextProtocol,
           keyStorePassword as keyStorePassword,
           trustKeyStorePassword as trustKeyStorePassword
    FROM t_hl7_listener where id = #{id}
  </select>

	<select id="search" parameterType="map" resultType="HL7Listener">
     SELECT id      as id,
           active  as active,
           description     as description,
           displayname    as displayName,
           hostname as hostname,
           port as port,
           secure as secure,
           keyStoreFileName as keyStoreFileName,
           trustKeyStoreFileName as trustKeyStoreFileName,
           keyStoreType as keyStoreType,
           trustKeyStoreType as trustKeyStoreType,
           keyManagerFactoryAlgorithm as keyManagerFactoryAlgorithm,
           trustManagerFactoryAlgorithm as trustManagerFactoryAlgorithm,
           sslContextProtocol as sslContextProtocol,
           keyStorePassword as keyStorePassword,
           trustKeyStorePassword as trustKeyStorePassword
    FROM t_hl7_listener 
    <trim prefix="WHERE" prefixOverrides="AND|OR">     
        <if test="displayname != null">     
            AND displayname like CONCAT('%',#{displayname},'%' )
        </if>     
    </trim>     
    ORDER BY ID
  </select>
  
   <update id="edit" parameterType="HL7Listener">   
     UPDATE t_hl7_listener 
     SET description = #{description},displayname = #{displayname},hostname=#{hostname}, port=#{port}, secure=#{secure},keyStoreFileName=#{keyStoreFileName},trustKeyStoreFileName=#{trustKeyStoreFileName},keyStorePassword=#{keyStorePassword},trustKeyStorePassword=#{trustKeyStorePassword}
     WHERE id =#{id}
  </update>
    
   <delete id="delete" parameterType="int">
        delete from t_hl7_listener where id=#{id}
   </delete>
   
    
   <insert id="insert" parameterType="HL7Listener" useGeneratedKeys="true" keyProperty="id">   
     INSERT INTO t_hl7_listener(description,      secure,    address,    comment,    keyStoreFileName,    trustKeyStoreFileName,    keyStorePassword,    trustKeyStorePassword) 
                         VALUES(#{description}, #{secure}, #{address}, #{comment}, #{keyStoreFileName}, #{trustKeyStoreFileName}, #{keyStorePassword}, #{trustKeyStorePassword})
  </insert>
  
</mapper>