<?xml version="1.0" encoding="UTF-8"?>
<beans xmlns="http://www.springframework.org/schema/beans"
       xmlns:xsi="http://www.w3.org/2001/XMLSchema-instance"
       xsi:schemaLocation="http://www.springframework.org/schema/beans
       http://www.springframework.org/schema/beans/spring-beans.xsd">

    <bean id="patientSqlSessionFactory" class="org.mybatis.spring.SqlSessionFactoryBean">
        <property name="dataSource" ref="patientDataSource"></property>
        <property name="configLocation" value="classpath:mybatis/mybatis-config.xml"></property>
        <property name="typeAliasesPackage" value="com.kangva.xds.patient.model"></property>
        <property name="mapperLocations">
            <list>
                <value>classpath*:mybatis/SQL/patient/**Mapper.xml</value>

            </list>
        </property>
    </bean>

    <bean class="org.mybatis.spring.mapper.MapperScannerConfigurer">
        <property name="sqlSessionFactoryBeanName" value="patientSqlSessionFactory"/> 
        <property name="basePackage" value="com.kangva.xds.patient.mapper"/>
    </bean>
    
    <bean id="registrySqlSessionFactory" class="org.mybatis.spring.SqlSessionFactoryBean">
        <property name="dataSource" ref="registryDataSource"></property>
        <property name="configLocation" value="classpath:mybatis/mybatis-config.xml"></property>
        <property name="typeAliasesPackage" value="com.kangva.xds.registry.model"></property>
        <property name="mapperLocations">
            <list>
                <value>classpath*:mybatis/SQL/registry/**Mapper.xml</value>

            </list>
        </property>
    </bean>

    <bean class="org.mybatis.spring.mapper.MapperScannerConfigurer">
        <property name="sqlSessionFactoryBeanName" value="registrySqlSessionFactory"/> 
        <property name="basePackage" value="com.kangva.xds.registry.mapper"/>
    </bean>
    
    <bean id="repositorySqlSessionFactory" class="org.mybatis.spring.SqlSessionFactoryBean">
        <property name="dataSource" ref="repositoryDataSource"></property>
        <property name="configLocation" value="classpath:mybatis/mybatis-config.xml"></property>
        <property name="typeAliasesPackage" value="com.kangva.xds.repository.model"></property>
        <property name="mapperLocations">
            <list>
                <value>classpath*:mybatis/SQL/repository/**Mapper.xml</value>

            </list>
        </property>
    </bean>

    <bean class="org.mybatis.spring.mapper.MapperScannerConfigurer">
        <property name="sqlSessionFactoryBeanName" value="repositorySqlSessionFactory"/> 
        <property name="basePackage" value="com.kangva.xds.repository.mapper"/>
    </bean>
</beans>