<?xml version="1.0" encoding="UTF-8"?>
<beans xmlns="http://www.springframework.org/schema/beans"
	xmlns:xsi="http://www.w3.org/2001/XMLSchema-instance"
	xsi:schemaLocation="http://www.springframework.org/schema/beans 
	http://www.springframework.org/schema/beans/spring-beans.xsd">

	<bean id="app_config_properties"
		class="org.springframework.beans.factory.config.PropertyPlaceholderConfigurer">
		<property name="order" value="1" />
		<property name="ignoreUnresolvablePlaceholders" value="true" />
		<property name="locations" value="classpath:application.properties" />
	</bean>

	<import resource="application-service.xml" />
	<import resource="application-databases.xml"/>
    <import resource="application-mybatis.xml"/>
	<import resource="application-druid.xml" />
	<import resource="application-socket.xml" />
</beans>