<?xml version="1.0" encoding="UTF-8"?>
<beans xmlns="http://www.springframework.org/schema/beans"
       xmlns:xsi="http://www.w3.org/2001/XMLSchema-instance" xmlns:tx="http://www.springframework.org/schema/tx"
       xmlns:p="http://www.springframework.org/schema/p"
       xsi:schemaLocation="http://www.springframework.org/schema/beans http://www.springframework.org/schema/beans/spring-beans.xsd
       http://www.springframework.org/schema/tx http://www.springframework.org/schema/tx/spring-tx.xsd">


    <tx:annotation-driven proxy-target-class="true" />
    
    <!-- patient datasource -->
    <bean id="patientDataSource" class="com.alibaba.druid.pool.DruidDataSource" init-method="init" destroy-method="close"> 
      <!-- 基本属性 url、user、password -->
      <property name="url" value="${patient.jdbc.url}" />
      <property name="username" value="${patient.jdbc.user}" />
      <property name="password" value="${patient.jdbc.password}" />

      <!-- 配置初始化大小、最小、最大 -->
      <property name="initialSize" value="${jdbc.initialSize}" />
      <property name="minIdle" value="${jdbc.minIdle}" /> 
      <property name="maxActive" value="${jdbc.maxActive}" />

      <!-- 配置获取连接等待超时的时间 -->
      <property name="maxWait" value="60000" />

      <!-- 配置间隔多久才进行一次检测，检测需要关闭的空闲连接，单位是毫秒 -->
      <property name="timeBetweenEvictionRunsMillis" value="60000" />

      <!-- 配置一个连接在池中最小生存的时间，单位是毫秒 -->
      <property name="minEvictableIdleTimeMillis" value="300000" />

      <property name="validationQuery" value="SELECT 'x'" />
      <property name="testWhileIdle" value="true" />
      <property name="testOnBorrow" value="false" />
      <property name="testOnReturn" value="false" />

      <!-- 打开PSCache，并且指定每个连接上PSCache的大小 -->
      <property name="poolPreparedStatements" value="false" />
      <property name="maxPoolPreparedStatementPerConnectionSize" value="20" />

      <!-- 配置监控统计拦截的filters -->
      <property name="filters" value="stat,wall" /> 
  </bean>

    <bean id="patientTransactionManager"
          class="org.springframework.jdbc.datasource.DataSourceTransactionManager"
          p:dataSource-ref="patientDataSource" />
          
   
    <!-- registry datasource -->
    <bean id="registryDataSource" class="com.alibaba.druid.pool.DruidDataSource" init-method="init" destroy-method="close"> 
      <!-- 基本属性 url、user、password -->
      <property name="url" value="${registry.jdbc.url}" />
      <property name="username" value="${registry.jdbc.user}" />
      <property name="password" value="${registry.jdbc.password}" />

      <!-- 配置初始化大小、最小、最大 -->
      <property name="initialSize" value="${jdbc.initialSize}" />
      <property name="minIdle" value="${jdbc.minIdle}" /> 
      <property name="maxActive" value="${jdbc.maxActive}" />

      <!-- 配置获取连接等待超时的时间 -->
      <property name="maxWait" value="60000" />

      <!-- 配置间隔多久才进行一次检测，检测需要关闭的空闲连接，单位是毫秒 -->
      <property name="timeBetweenEvictionRunsMillis" value="60000" />

      <!-- 配置一个连接在池中最小生存的时间，单位是毫秒 -->
      <property name="minEvictableIdleTimeMillis" value="300000" />

      <property name="validationQuery" value="SELECT 'x'" />
      <property name="testWhileIdle" value="true" />
      <property name="testOnBorrow" value="false" />
      <property name="testOnReturn" value="false" />

      <!-- 打开PSCache，并且指定每个连接上PSCache的大小 -->
      <property name="poolPreparedStatements" value="false" />
      <property name="maxPoolPreparedStatementPerConnectionSize" value="20" />

      <!-- 配置监控统计拦截的filters -->
      <property name="filters" value="stat,wall" /> 
  </bean>

    <bean id="registryTransactionManager"
          class="org.springframework.jdbc.datasource.DataSourceTransactionManager"
          p:dataSource-ref="registryDataSource" />
          
   
    <!-- repository datasource -->
    <bean id="repositoryDataSource" class="com.alibaba.druid.pool.DruidDataSource" init-method="init" destroy-method="close"> 
      <!-- 基本属性 url、user、password -->
      <property name="url" value="${repository.jdbc.url}" />
      <property name="username" value="${repository.jdbc.user}" />
      <property name="password" value="${repository.jdbc.password}" />

      <!-- 配置初始化大小、最小、最大 -->
      <property name="initialSize" value="${jdbc.initialSize}" />
      <property name="minIdle" value="${jdbc.minIdle}" /> 
      <property name="maxActive" value="${jdbc.maxActive}" />

      <!-- 配置获取连接等待超时的时间 -->
      <property name="maxWait" value="60000" />

      <!-- 配置间隔多久才进行一次检测，检测需要关闭的空闲连接，单位是毫秒 -->
      <property name="timeBetweenEvictionRunsMillis" value="60000" />

      <!-- 配置一个连接在池中最小生存的时间，单位是毫秒 -->
      <property name="minEvictableIdleTimeMillis" value="300000" />

      <property name="validationQuery" value="SELECT 'x'" />
      <property name="testWhileIdle" value="true" />
      <property name="testOnBorrow" value="false" />
      <property name="testOnReturn" value="false" />

      <!-- 打开PSCache，并且指定每个连接上PSCache的大小 -->
      <property name="poolPreparedStatements" value="false" />
      <property name="maxPoolPreparedStatementPerConnectionSize" value="20" />

      <!-- 配置监控统计拦截的filters -->
      <property name="filters" value="stat,wall" /> 
  </bean>

    <bean id="repositoryTransactionManager"
          class="org.springframework.jdbc.datasource.DataSourceTransactionManager"
          p:dataSource-ref="repositoryDataSource" />
</beans>