<?xml version="1.0" encoding="UTF-8"?>
<beans xmlns="http://www.springframework.org/schema/beans"
     xmlns:xsi="http://www.w3.org/2001/XMLSchema-instance"
     xmlns:aop="http://www.springframework.org/schema/aop"
     xmlns:tx="http://www.springframework.org/schema/tx"
     xmlns:jdbc="http://www.springframework.org/schema/jdbc"
     xmlns:context="http://www.springframework.org/schema/context"
     xmlns:jaxws="http://cxf.apache.org/jaxws"
     xmlns:jaxrs="http://cxf.apache.org/jaxrs"
     xmlns:cxf="http://cxf.apache.org/core"
     xmlns:jms="http://www.springframework.org/schema/jms"
     xsi:schemaLocation="
     http://www.springframework.org/schema/context http://www.springframework.org/schema/context/spring-context-3.0.xsd
     http://www.springframework.org/schema/beans http://www.springframework.org/schema/beans/spring-beans-3.0.xsd
     http://www.springframework.org/schema/jdbc http://www.springframework.org/schema/jdbc/spring-jdbc-3.0.xsd
     http://www.springframework.org/schema/tx http://www.springframework.org/schema/tx/spring-tx-3.0.xsd
     http://www.springframework.org/schema/aop http://www.springframework.org/schema/aop/spring-aop-3.0.xsd
     http://cxf.apache.org/jaxws http://cxf.apache.org/schemas/jaxws.xsd
     http://cxf.apache.org/jaxrs http://cxf.apache.org/schemas/jaxrs.xsd
     http://cxf.apache.org/core http://cxf.apache.org/schemas/core.xsd
     http://www.springframework.org/schema/jms http://www.springframework.org/schema/jms/spring-jms.xsd">
    
	<!-- <bean id="messageHandler" class="com.kangva.xds.admin.mina.MessageHandler">
	</bean>
 -->
  <bean id="mllpCodecFilter" class="org.apache.mina.filter.codec.ProtocolCodecFilter">
	  <constructor-arg>
	  	<bean class="com.kangva.xds.admin.mina.MllpCodecFactory">
	  	</bean>
	  </constructor-arg>
  </bean>


  <bean id="sslContextGenerator" class="com.kangva.xds.admin.mina.SSLContextGenerator" >
     <property name="keyStoreFileName" value="${patient.update.notification.keystore.file}" />
     <property name="trustStoreFileName" value="${patient.update.notification.truststore.file}" />
     <property name="keyStorePassword" value="${patient.update.notification.keystore.password}" />
     <property name="trustStorePassword" value="${patient.update.notification.truststore.password}" />
  </bean>
  <bean id="sslContext" factory-bean="sslContextGenerator" factory-method="getSslContext" />
  <bean id="sslFilter" class="org.apache.mina.filter.ssl.SslFilter">
    <constructor-arg ref="sslContext"></constructor-arg>
  </bean>

  <bean id="loggingFilter" class="org.apache.mina.filter.logging.LoggingFilter" />
  <!-- The filter chain. -->
  <bean id="filterChainBuilder" class="org.apache.mina.core.filterchain.DefaultIoFilterChainBuilder">
    <property name="filters">
      <map>
      	<!-- <entry key="sslFilter" value-ref="sslFilter" /> -->
        <entry key="loggingFilter" value-ref="loggingFilter"/>
        <!-- <entry key="codecFilter" value-ref="textlineCodecFilter"/> -->
        <entry key="codecFilter" value-ref="mllpCodecFilter"/>
      </map>
    </property>
  </bean>

<bean class="org.springframework.beans.factory.config.CustomEditorConfigurer">
    <property name="customEditors">
      <map>
        <entry key="java.net.SocketAddress" value="org.apache.mina.integration.beans.InetSocketAddressEditor" />
      </map>
    </property>
 </bean>

	<!-- The IoAcceptor which binds to port 1235 -->
	<bean id="ioAcceptor" class="org.apache.mina.transport.socket.nio.NioSocketAcceptor" init-method="bind" destroy-method="unbind">
	    <property name="defaultLocalAddress" value="${patient.update.notification.address}" />
	    <property name="handler" ref="patientUpdateNotificationMessageHandler" />
	    <property name="reuseAddress" value="true" />
	    <property name="filterChainBuilder" ref="filterChainBuilder" />
	</bean>
</beans>
