<?xml version="1.0" encoding="UTF-8"?>
<beans xmlns="http://www.springframework.org/schema/beans"
	xmlns:xsi="http://www.w3.org/2001/XMLSchema-instance" xmlns:context="http://www.springframework.org/schema/context"
	xmlns:mvc="http://www.springframework.org/schema/mvc" xmlns:aop="http://www.springframework.org/schema/aop"
	xsi:schemaLocation="http://www.springframework.org/schema/beans http://www.springframework.org/schema/beans/spring-beans.xsd
		http://www.springframework.org/schema/context http://www.springframework.org/schema/context/spring-context.xsd
		 http://www.springframework.org/schema/mvc http://www.springframework.org/schema/mvc/spring-mvc.xsd 
		 http://www.springframework.org/schema/aop http://www.springframework.org/schema/aop/spring-aop.xsd">
	<!-- 启动Spring 注解扫描 -->
	<context:component-scan base-package="com.kangva.**.controller" />

	<!-- spring mvc核心配置，spring mvc注解配置 -->
	<mvc:annotation-driven />
	
	<mvc:view-controller path="/" view-name="redirect:/patient"/>  
	
	<!-- 配置静态资源访问 -->
	<mvc:resources mapping="/resources/**" location="/resources/" />
	
	<bean class="org.springframework.web.servlet.mvc.annotation.AnnotationMethodHandlerAdapter" />

	<!--Freemarket 管道模板继承配置 -->
<!--<bean id="fmXmlEscape" class="freemarker.template.utility.XmlEscape" />-->

	<!--FreeMarker 配置 -->
	<bean id="freemarkerConfig"
		class="org.springframework.web.servlet.view.freemarker.FreeMarkerConfigurer">
		<property name="templateLoaderPath" value="/WEB-INF/ftl/" />
		<property name="freemarkerSettings">
			<props>
				<prop key="template_update_delay">0</prop>
				<prop key="defaultEncoding">UTF-8</prop>
				<prop key="url_escaping_charset">UTF-8</prop>
				<prop key="locale">zh_CN</prop>
				<prop key="boolean_format">true,false</prop>
				<prop key="datetime_format">yyyy-MM-dd HH:mm:ss</prop>
				<prop key="date_format">yyyy-MM-dd</prop>
				<prop key="time_format">HH:mm:ss</prop>
				<prop key="number_format">0.######</prop>
				<prop key="whitespace_stripping">true</prop>
				<prop key="auto_import">/spring.ftl as s</prop>
				<prop key="tag_syntax">auto_detect</prop>
				<prop key="default_encoding">UTF-8</prop>
				<prop key="output_encoding">UTF-8</prop>
				<prop key="classic_compatible">true</prop>
			</props>
		</property>
	</bean>

    <!-- 内容协商管理器  -->
    <!--1、首先检查路径扩展名（如my.pdf）；2、其次检查Parameter（如my?format=pdf）；3、检查Accept Header-->
    <bean id="contentNegotiationManager" class="org.springframework.web.accept.ContentNegotiationManagerFactoryBean">
        <!-- 扩展名至mimeType的映射,即 /user.json => application/json -->
        <property name="favorPathExtension" value="true"/>
        <!-- 用于开启 /userinfo/123?format=json 的支持 -->
        <property name="favorParameter" value="true"/>
        <property name="parameterName" value="format"/>
        <!-- 是否忽略Accept Header -->
        <property name="ignoreAcceptHeader" value="false"/>

        <property name="mediaTypes"> <!--扩展名到MIME的映射；favorPathExtension, favorParameter是true时起作用  -->
            <value>
                json=application/json
                xml=application/xml
                html=text/html
            </value>
        </property>
        <!-- 默认的content type -->
        <property name="defaultContentType" value="text/html"/>
    </bean>
    
    <!-- ========================= VIEW定义 ========================= -->
    <!-- 内容协商视图解析器；根据客户端的不同的请求决定不同的 view进行响应, 如 /blog/1.json /blog/1.xml -->
    <!-- 会自动根据解析的contentType来决定使用哪个视图解析器（默认使用整个web应用中的viewResolver） -->
    <bean class="org.springframework.web.servlet.view.ContentNegotiatingViewResolver">
        <property name="order" value="1"/>
        <!-- 内容协商管理器 用于决定media type -->
        <property name="contentNegotiationManager" ref="contentNegotiationManager"/>
        <!-- 默认视图 放在解析链最后 -->
        <property name="defaultViews">
            <list>
                <!--<bean class="org.springframework.web.servlet.view.json.MappingJackson2JsonView"/>-->
                <bean class="com.alibaba.fastjson.support.spring.FastJsonJsonView" />
                <!--<bean class="org.springframework.web.servlet.view.xml.MarshallingView"/>-->
            </list>
        </property>
    </bean>
	<bean class="org.springframework.web.servlet.view.freemarker.FreeMarkerViewResolver">
        <property name="viewClass" value="org.springframework.web.servlet.view.freemarker.FreeMarkerView"/>
		<property name="suffix" value=".ftl" />
		<property name="contentType" value="text/html;charset=UTF-8" />
        <property name="exposeRequestAttributes" value="true" />
        <property name="exposeSpringMacroHelpers" value="true" />
        <property name="requestContextAttribute" value="request" />
        <property name="cache" value="true" />
        <property name="order" value="1"/>
	</bean>
	
	
    <!-- 文件上传相关 -->
    <bean id="multipartResolver" class="org.springframework.web.multipart.commons.CommonsMultipartResolver">
        <!--one of the properties available;the maximum upload size in bytes 100M-->
        <property name="maxUploadSize" value="104857600"/>
    </bean>
    
	<!-- 异常视图 -->
	<bean class="org.springframework.web.servlet.handler.SimpleMappingExceptionResolver">
		<!-- <property name="exceptionMappings">
			<props>
				<prop key="com.yunduanxing.core.exception.ReservationNotAvailableException">
					reservationNotAvailable
				</prop>
			</props>
		</property> -->
		<property name="defaultErrorView" value="error"/>
	</bean>
	
</beans>