<?xml version="1.0" encoding="UTF-8"?>
<!DOCTYPE mapper PUBLIC "-//mybatis.org//DTD Mapper 3.0//EN" 
"http://mybatis.org/dtd/mybatis-3-mapper.dtd">

<mapper namespace="com.kangva.xds.repository.mapper.DocumentRepositoryMapper">

<select id="get" parameterType="int" resultType="DocumentRepository">
    SELECT ID      as id,
           ACTIVE  as active,
           secure     as secure,
           uniqueid     as uniqueId,
           homeCommunityId     as homeCommunityId,
           NAME    as name,
           ADDRESS as address,
           COMMENT as comment,
           keyStoreFileName as keyStoreFileName,
           trustKeyStoreFileName as trustKeyStoreFileName,
           keyStorePassword as keyStorePassword,
           trustKeyStorePassword as trustKeyStorePassword
    FROM t_document_repository where id = #{id}
  </select>

<select id="getAll" resultType="DocumentRepository">
    SELECT ID      as id,
           ACTIVE  as active,
           secure     as secure,
           uniqueid     as uniqueId,
           homeCommunityId     as homeCommunityId,
           NAME    as name,
           ADDRESS as address,
           COMMENT as comment,
           keyStoreFileName as keyStoreFileName,
           trustKeyStoreFileName as trustKeyStoreFileName,
           keyStorePassword as keyStorePassword,
           trustKeyStorePassword as trustKeyStorePassword
    FROM t_document_repository 
    ORDER BY ID
  </select>

<select id="search" parameterType="map" resultType="DocumentRepository">
    SELECT ID      as id,
           ACTIVE  as active,
           secure     as secure,
           uniqueid     as uniqueId,
           homeCommunityId     as homeCommunityId,
           NAME    as name,
           ADDRESS as address,
           COMMENT as comment,
           keyStoreFileName as keyStoreFileName,
           trustKeyStoreFileName as trustKeyStoreFileName,
           keyStorePassword as keyStorePassword,
           trustKeyStorePassword as trustKeyStorePassword
    FROM t_document_repository 
    <trim prefix="WHERE" prefixOverrides="AND|OR">     
        <if test="repositoryName != null">     
            AND name like CONCAT('%',#{repositoryName},'%' )
        </if>     
    </trim>     
    ORDER BY ID
  </select>
  
   <delete id="delete" parameterType="int">
        delete from t_document_repository where id=#{id}
   </delete>
   
   <update id="edit" parameterType="DocumentRepository">   
     UPDATE t_document_repository 
     SET name = #{name},uniqueId = #{uniqueId},homeCommunityId = #{homeCommunityId},secure = #{secure},address=#{address},  comment=#{comment}, keyStoreFileName=#{keyStoreFileName},trustKeyStoreFileName=#{trustKeyStoreFileName},keyStorePassword=#{keyStorePassword},trustKeyStorePassword=#{trustKeyStorePassword}
     WHERE id =#{id}
  </update>
  
   <insert id="insert" parameterType="DocumentRepository" useGeneratedKeys="true" keyProperty="id">   
     INSERT INTO t_document_repository(name,   uniqueId,   homeCommunityId,   secure,    address,    comment,    keyStoreFileName,    trustKeyStoreFileName,    keyStorePassword,    trustKeyStorePassword) 
                              VALUES(#{name},#{uniqueId},#{homeCommunityId},#{secure}, #{address}, #{comment}, #{keyStoreFileName}, #{trustKeyStoreFileName}, #{keyStorePassword}, #{trustKeyStorePassword})
  </insert>
  
  
<select id="findByUniqueId" parameterType="string" resultType="DocumentRepository">
    SELECT ID      as id,
           ACTIVE  as active,
           secure     as secure,
           uniqueid     as uniqueId,
           homeCommunityId     as homeCommunityId,
           NAME    as name,
           ADDRESS as address,
           COMMENT as comment,
           keyStoreFileName as keyStoreFileName,
           trustKeyStoreFileName as trustKeyStoreFileName,
           keyStorePassword as keyStorePassword,
           trustKeyStorePassword as trustKeyStorePassword
    FROM t_document_repository
    WHERE uniqueid = #{uniqueid}
  </select>
</mapper>