<?xml version="1.0" encoding="UTF-8"?>
<!DOCTYPE mapper PUBLIC "-//mybatis.org//DTD Mapper 3.0//EN" 
"http://mybatis.org/dtd/mybatis-3-mapper.dtd">

<mapper namespace="com.kangva.xds.repository.mapper.DocumentRegistryMapper">

<select id="get" parameterType="int" resultType="DocumentRegistry">
    SELECT ID      as id,
           ACTIVE  as active,
           secure     as secure,
           NAME    as name,
           ADDRESS as address,
           COMMENT as comment,
           keyStoreFileName as keyStoreFileName,
           trustKeyStoreFileName as trustKeyStoreFileName,
           keyStorePassword as keyStorePassword,
           trustKeyStorePassword as trustKeyStorePassword
    FROM t_document_registry where id = #{id}
  </select>

<select id="getAll" resultType="DocumentRegistry">
    SELECT ID      as id,
           ACTIVE  as active,
           secure     as secure,
           NAME    as name,
           ADDRESS as address,
           COMMENT as comment,
           keyStoreFileName as keyStoreFileName,
           trustKeyStoreFileName as trustKeyStoreFileName,
           keyStorePassword as keyStorePassword,
           trustKeyStorePassword as trustKeyStorePassword
    FROM t_document_registry 
    ORDER BY ID
  </select>


	<select id="search" parameterType="map" resultType="DocumentRegistry">
    SELECT ID      as id,
           ACTIVE  as active,
           secure     as secure,
           NAME    as name,
           ADDRESS as address,
           COMMENT as comment,
           keyStoreFileName as keyStoreFileName,
           trustKeyStoreFileName as trustKeyStoreFileName,
           keyStorePassword as keyStorePassword,
           trustKeyStorePassword as trustKeyStorePassword
    FROM t_document_registry 
    <trim prefix="WHERE" prefixOverrides="AND|OR">     
        <if test="registryName != null">     
            AND name like CONCAT('%',#{registryName},'%' )
        </if>     
    </trim>     
    ORDER BY ID
  </select>
  
   <update id="edit" parameterType="DocumentRegistry">   
     UPDATE t_document_registry 
     SET name = #{name},secure = #{secure},address=#{address},  comment=#{comment}, keyStoreFileName=#{keyStoreFileName},trustKeyStoreFileName=#{trustKeyStoreFileName},keyStorePassword=#{keyStorePassword},trustKeyStorePassword=#{trustKeyStorePassword}
     WHERE id =#{id}
  </update>
    
   <delete id="delete" parameterType="int">
        delete from t_document_registry where id=#{id}
   </delete>
   
    
   <insert id="insert" parameterType="DocumentRegistry" useGeneratedKeys="true" keyProperty="id">   
     INSERT INTO t_document_registry(name,    secure,    address,    comment,    keyStoreFileName,    trustKeyStoreFileName,    keyStorePassword,    trustKeyStorePassword) 
                            VALUES(#{name}, #{secure}, #{address}, #{comment}, #{keyStoreFileName}, #{trustKeyStoreFileName}, #{keyStorePassword}, #{trustKeyStorePassword})
  </insert>
  
</mapper>