<?xml version="1.0" encoding="UTF-8"?>
<!DOCTYPE mapper PUBLIC "-//mybatis.org//DTD Mapper 3.0//EN" 
"http://mybatis.org/dtd/mybatis-3-mapper.dtd">

<mapper namespace="com.kangva.xds.repository.mapper.XDSSubmissionSetMapper">

	<select id="searchSubmissionSets" parameterType="map"  resultType="XDSSubmissionSet">
    SELECT id, 
           home, 
           uniqueId, 
           patientGlobalId, 
           sourceId, 
           to_char(submissionTime,'YYYY-MM-DD HH24:MI:SS') as submissionTime,
           to_char(dt_insert,'YYYY-MM-DD HH24:MI:SS') as insertedDateTime
    FROM t_submission_set 
    <trim prefix="WHERE" prefixOverrides="AND|OR">     
        <if test="patientGlobalId != null">     
            AND patientGlobalId like CONCAT('%',#{patientGlobalId},'%' )
        </if>     
        <if test="sourceId != null">     
            AND sourceId like CONCAT('%',#{sourceId},'%' )
        </if>       
        <if test="submissionTime != null">     
            AND to_char(submissionTime, 'YYYYMMDD') = #{submissionTime}
        </if>     
    </trim>     
    ORDER BY dt_insert DESC
  </select>
</mapper>